﻿Designator,Quantity,Value,Footprint,Package,MPN,DNP,Mount_Type,Description,LCSC,Stock,Price,Process,Minimum Qty,Attrition Qty,Class,Category,Manufacturer,Part,Voltage Rated,Tolerance,Capacitance,Temperature Coefficient,Voltage - Forward(Vf@If),Voltage - DC Reverse(Vr),Diode Configuration,Current - Rectified,Reverse Leakage Current (Ir),Resistance,Power(Watts),Type,Overload Voltage (Max),Operating Temperature Range,MF,MAXIMUM_PACKAGE_HEIGHT,CREATOR,Check_prices,STANDARD,PARTREV,VERIFIER,SnapEDA_Link,MP,Description_1,Availability,MANUFACTURER,Number Of Outputs,Output Voltage,Quiescent Current (Ground Current),Output Current,Output Type,Maximum Input Voltage,Output Polarity,Operating Temperature,Power Supply Rejection Ratio (Psrr),Feature,Standby Current,Sim.Library,Sim.Name,Sim.Device,Sim.Pins
C1,1,330nF,C_0805,,,,smt,50V 330nF X7R ±10% 0805 Multilayer Ceramic Capacitors MLCC - SMD/SMT ROHS,C1740,106187,0.014USD,SMT,20,10,Preferred Component,"Capacitors,Multilayer Ceramic Capacitors MLCC - SMD/SMT",FH(Guangdong Fenghua Advanced Tech),0805B334K500NT,50V,±10%,330nF,X7R,,,,,,,,,,,,,,,,,,,,,,,,,,,,,,,,,,,,,
"C2, C3, C4",3,100nF,C_0805,,,,smt,50V 100nF X7R ±10% 0805 Multilayer Ceramic Capacitors MLCC - SMD/SMT ROHS,C49678,13380467,0.008USD,SMT,20,10,Basic Component,"Capacitors,Multilayer Ceramic Capacitors MLCC - SMD/SMT",YAGEO,CC0805KRX7R9BB104,50V,±10%,100nF,X7R,,,,,,,,,,,,,,,,,,,,,,,,,,,,,,,,,,,,,
D1,1,1N4001W,D_SOD-123FL,,,,smt,Independent Type 1A 50V 1V@1.0A SOD-123FL Diodes - General Purpose ROHS,C18199085,3933,0.008USD,SMT,15,4,Preferred Component,"Diodes,Diodes - General Purpose",hongjiacheng,1N4001W,,,,,1V@1.0A,50V,Independent Type,1A,2uA@50V,,,,,,,,,,,,,,,,,,,,,,,,,,,,,,,,
J1,1,Barrel_Jack_Switch,BarrelJack_Horizontal,,,,tht,DC Barrel Jack with an internal switch,C22434687,,,,,,,,,,,,,,,,,,,,,,,,,,,,,,,,,,,,,,,,,,,,,,,,,,
"J2, J3",2,ArduinoNano,PinSocket_1x15_P2.54mm_Vertical,,,,tht,"Generic connector, single row, 01x15, script generated",C18078136,,,,,,,,,,,,,,,,,,,,,,,,,,,,,,,,,,,,,,,,,,,,,,,,,,
Q1,1,Q_Photo_NPN,TerminalBlock_bornier-2_P5.08mm,,,,tht,"NPN phototransistor, collector/emitter",C8465,,,,,,,,,,,,,,,,,,,,,,,,,,,,,,,,,,,,,,,,,,,,,,,,,,
"R1, R5, R7",3,33kΩ,R_0805,,,,smt,125mW Thick Film Resistors 150V ±100ppm/°C ±1% 33kΩ 0805 Chip Resistor - Surface Mount ROHS,C17633,342884,0.005USD,SMT,20,10,Basic Component,"Resistors,Chip Resistor - Surface Mount",UNI-ROYAL(Uniroyal Elec),0805W8F3302T5E,,±1%,,±100ppm/°C,,,,,,33kΩ,125mW,Thick Film Resistors,150V,-55°C~+155°C,,,,,,,,,,,,,,,,,,,,,,,,,,,
R2,1,1k,R_Axial_DIN0207_L6.3mm_D2.5mm_P10.16mm_Horizontal,,,,tht,Resistor,C119324,,,,,,,,,,,,,,,,,,,,,,,,,,,,,,,,,,,,,,,,,,,,,,,,,,
R3,1,4.7k,R_Axial_DIN0207_L6.3mm_D2.5mm_P10.16mm_Horizontal,,,,tht,Resistor,C119339,,,,,,,,,,,,,,,,,,,,,,,,,,,,,,,,,,,,,,,,,,,,,,,,,,
R4,1,22k,R_Axial_DIN0207_L6.3mm_D2.5mm_P10.16mm_Horizontal,,,,tht,Resistor,C119354,,,,,,,,,,,,,,,,,,,,,,,,,,,,,,,,,,,,,,,,,,,,,,,,,,
R6,1,100k,R_Axial_DIN0207_L6.3mm_D2.5mm_P10.16mm_Horizontal,,,,tht,Resistor,C119369,,,,,,,,,,,,,,,,,,,,,,,,,,,,,,,,,,,,,,,,,,,,,,,,,,
R8,1,3.9kΩ,R_0805,,,,smt,125mW Thick Film Resistors 150V ±100ppm/°C ±1% 3.9kΩ 0805 Chip Resistor - Surface Mount ROHS,C17614,340795,0.005USD,SMT,20,10,Basic Component,"Resistors,Chip Resistor - Surface Mount",UNI-ROYAL(Uniroyal Elec),0805W8F3901T5E,,±1%,,±100ppm/°C,,,,,,3.9kΩ,125mW,Thick Film Resistors,150V,-55°C~+155°C,,,,,,,,,,,,,,,,,,,,,,,,,,,
"RV1, RV2",2,10k,Potentiometer_Bourns_3296W_Vertical,,,,tht,,C118954,,,,,,,,,,,,,,,,,,,,,,,,,,,,,,,,,,,,,,,,,,,,,,,,,,
S1,1,SRBV181004,SW_SR1712F-0203-20F0A-N9-N-027,None,,,tht,,C470375,,None,,,,,,,,,,,,,,,,,,,,,,Alpha (Taiwan),27.5 mm,AAMIR,https://www.snapeda.com/parts/SR1712F-0203-20F0A-N9-N-027/Alpha/view-part/?ref=eda,Manufacturer Recommendations,-,ANA,https://www.snapeda.com/parts/SR1712F-0203-20F0A-N9-N-027/Alpha/view-part/?ref=snap,SR1712F-0203-20F0A-N9-N-027,Rotary Switches 2 POLE 3 POS D SHAFT,In Stock,Alpha,,,,,,,,,,,,,,,
TP1,1,5.0V Ref,TestPoint_Pad_2.5x2.5mm,,,,tht,test point,,,,,,,,,,,,,,,,,,,,,,,,,,,,,,,,,,,,,,,,,,,,,,,,,,,
TP2,1,1.0V PhtUcc,TestPoint_Pad_2.5x2.5mm,,,,tht,test point,,,,,,,,,,,,,,,,,,,,,,,,,,,,,,,,,,,,,,,,,,,,,,,,,,,
U1,1,HS96L03W2C03,MODULE_DM-OLED096-636,Package,,,tht,,C5248080,,None,,,,,,,,,,,,,,,,,,,,,,Display Module,11.3 mm,,https://www.snapeda.com/parts/DM-OLED096-636/Display+Module/view-part/?ref=eda,Manufacturer Recommendations,2018-09-10,,https://www.snapeda.com/parts/DM-OLED096-636/Display+Module/view-part/?ref=snap,DM-OLED096-636,0.96” 128 X 64 MONOCHROME GRAPHIC OLED DISPLAY MODULE - I2C,Not in stock,Displaymodule,,,,,,,,,,,,,,,
U2,1,L78M05ABDT-TR,TO-252-2_L6.5-W6.1-P4.58-LS10.0-TL,,,,tht,"62dB@(120Hz) 500mA Fixed 5V Positive electrode 35V TO-252-2(DPAK) Voltage Regulators - Linear, Low Drop Out (LDO) Regulators ROHS",C58069,162133,0.127USD,SMT,2,0,Basic Component,"Power Management ICs,Linear Voltage Regulators (LDO)",STMicroelectronics,L78M05ABDT-TR,,,,,,,,,,,,,,,,,,,,,,,,,,,1,5V,6mA,500mA,Fixed,35V,Positive electrode,-40°C~+125°C,62dB@(120Hz),Overcurrent Protection(OCP);Thermal Protection(TSD);Short-Circuit  Protection,6mA,,,,
U3,1,MCP6002T,SOIC-8_L4.9-W3.9-P1.27-LS6.0-BL,,,,smt,Dual operational amplifier,C7377,,,,,,,,,,,,,,,,,,,,,,,,,,,,,,,,,,,,,,,,,,,,,,,${KICAD7_SYMBOL_DIR}/Simulation_SPICE.sp,kicad_builtin_opamp_dual,SUBCKT,1=out1 2=in1- 3=in1+ 4=vee 5=in2+ 6=in2- 7=out2 8=vcc
U4,1,LM336Z5,TO-92-TO92-254P520H877-3,E-PKG AXIAL-LEADED-2 ON Semiconductor,,,tht,,C2987279,,None,,,,,,,,,,,,,,,,,,,,,,ON Semiconductor,,,https://www.snapeda.com/parts/LM336Z5/Onsemi/view-part/?ref=eda,,,,https://www.snapeda.com/parts/LM336Z5/Onsemi/view-part/?ref=snap,LM336Z5,Shunt Voltage Reference IC Fixed 5V V ±4% 15 mA TO-92-3,In Stock,Fairchild Semiconductor,,,,,,,,,,,,,,,
