﻿pos_x,pos_y,rotation,side,designator,mpn,pack,footprint,value,mount_type
78.0,-81.5,0.0,top,C1,,,C_0805,330nF,smt
82.5,-81.5,180.0,top,C2,,,C_0805,100nF,smt
114.5,-88.5,90.0,top,C3,,,C_0805,100nF,smt
75.5,-114.0,180.0,top,C4,,,C_0805,100nF,smt
75.5,-70.5,90.0,top,D1,,,D_SOD-123FL,1N4001W,smt
81.0,-61.0,-90.0,top,J1,,,BarrelJack_Horizontal,Barrel_Jack_Switch,tht
90.45,-117.37,90.0,top,J2,,,PinSocket_1x15_P2.54mm_Vertical,ArduinoNano,tht
90.45,-132.61,90.0,top,J3,,,PinSocket_1x15_P2.54mm_Vertical,ArduinoNano,tht
125.5,-64.5,90.0,top,Q1,,,TerminalBlock_bornier-2_P5.08mm,Q_Photo_NPN,tht
126.0,-87.5,90.0,top,R1,,,R_0805,33kΩ,smt
114.92,-111.0,0.0,top,R2,,,R_Axial_DIN0207_L6.3mm_D2.5mm_P10.16mm_Horizontal,1k,tht
114.92,-107.0,0.0,top,R3,,,R_Axial_DIN0207_L6.3mm_D2.5mm_P10.16mm_Horizontal,4.7k,tht
114.92,-103.0,0.0,top,R4,,,R_Axial_DIN0207_L6.3mm_D2.5mm_P10.16mm_Horizontal,22k,tht
108.0,-121.5,-90.0,top,R5,,,R_0805,33kΩ,smt
114.92,-99.0,0.0,top,R6,,,R_Axial_DIN0207_L6.3mm_D2.5mm_P10.16mm_Horizontal,100k,tht
105.5,-121.5,-90.0,top,R7,,,R_0805,33kΩ,smt
79.5,-114.0,0.0,top,R8,,,R_0805,3.9kΩ,smt
124.5,-81.0,0.0,top,RV1,,,Potentiometer_Bourns_3296W_Vertical,10k,tht
74.95,-119.5,180.0,top,RV2,,,Potentiometer_Bourns_3296W_Vertical,10k,tht
100.0,-103.5,90.0,top,S1,,None,SW_SR1712F-0203-20F0A-N9-N-027,SRBV181004,tht
100.0,-64.5,0.0,top,U1,,Package,MODULE_DM-OLED096-636,HS96L03W2C03,tht
81.5,-74.0,90.0,top,U2,,,TO-252-2_L6.5-W6.1-P4.58-LS10.0-TL,L78M05ABDT-TR,tht
120.36,-87.86,90.0,top,U3,,,SOIC-8_L4.9-W3.9-P1.27-LS6.0-BL,MCP6002T,smt
80.0,-126.5,-90.0,top,U4,,E-PKG AXIAL-LEADED-2 ON Semiconductor,TO-92-TO92-254P520H877-3,LM336Z5,tht
